{
    "(-2.5, 1, 'all')": {
        "fid": 136.41722425799776,
        "clip_stats": {
            "min": -11.171122672697734,
            "max": 6.884480842097754,
            "mean": -0.4977428265998708,
            "median": 0.0748726656461921,
            "std": 2.9840138474470708,
            "n": 100
        }
    },
    "(-2.5, 3, 'all')": {
        "fid": 222.21517115754824,
        "clip_stats": {
            "min": -10.521021427213629,
            "max": 9.46556017130737,
            "mean": 0.7518605471404268,
            "median": 0.5069418973361107,
            "std": 3.6441120556261115,
            "n": 100
        }
    },
    "(-2.5, 5, 'all')": {
        "fid": 239.24102243733537,
        "clip_stats": {
            "min": -11.159712413118013,
            "max": 12.433891104149685,
            "mean": 1.0562546470768535,
            "median": 1.2983790746440695,
            "std": 4.144100818810627,
            "n": 100
        }
    },
    "(-2.5, 8, 'all')": {
        "fid": 254.0481540300965,
        "clip_stats": {
            "min": -8.366132872494314,
            "max": 13.874779196023093,
            "mean": 1.7558226829004713,
            "median": 1.9477098059905071,
            "std": 4.411693237908774,
            "n": 100
        }
    },
    "(-2.5, 10, 'all')": {
        "fid": 266.6150192633297,
        "clip_stats": {
            "min": -9.299967459319065,
            "max": 14.704297425323606,
            "mean": 2.9455118463674497,
            "median": 3.3725246135720255,
            "std": 4.122324853706443,
            "n": 100
        }
    }
}