{
    "(-2.5, 8, 'all')": {
        "fid": 236.00231470584572,
        "clip_stats": {
            "min": -8.942574670673649,
            "max": 12.077904539845989,
            "mean": 1.2642519479812193,
            "median": 1.2363357091761955,
            "std": 3.9253844924318475,
            "n": 100
        }
    }
}