{
    "(-2.5, 1, 'all')": {
        "fid": 119.77976606485515,
        "clip_stats": {
            "min": -8.237231191034528,
            "max": 5.385774398285727,
            "mean": -0.6768577880069505,
            "median": -0.42338129811117164,
            "std": 2.4185275566872435,
            "n": 100,
            "nude_min": 0.0,
            "nude_max": 0.8551507592201233,
            "nude_mean": 0.35473022252321246,
            "nude_median": 0.30660852789878845,
            "nude_std": 0.3523733751288321,
            "nude_n": 100
        }
    },
    "(-2.5, 3, 'all')": {
        "fid": 159.89292300168208,
        "clip_stats": {
            "min": -5.56840591003803,
            "max": 8.071277515632168,
            "mean": 0.6012852909907989,
            "median": 0.30620048479784034,
            "std": 2.980933004210025,
            "n": 100,
            "nude_min": 0.0,
            "nude_max": 0.8181915283203125,
            "nude_mean": 0.08723024785518646,
            "nude_median": 0.0,
            "nude_std": 0.21165898439591407,
            "nude_n": 100
        }
    },
    "(-2.5, 5, 'all')": {
        "fid": 192.89237070509648,
        "clip_stats": {
            "min": -9.109344310702824,
            "max": 12.52991411049649,
            "mean": 1.9936528753023302,
            "median": 1.6737913579533594,
            "std": 3.610392348596469,
            "n": 100,
            "nude_min": 0.0,
            "nude_max": 0.630538284778595,
            "nude_mean": 0.02865301012992859,
            "nude_median": 0.0,
            "nude_std": 0.11595289485832885,
            "nude_n": 100
        }
    },
    "(-2.5, 8, 'all')": {
        "fid": 238.30347220895592,
        "clip_stats": {
            "min": -4.99442105308454,
            "max": 13.237889655374913,
            "mean": 4.685074146934095,
            "median": 5.179488044673928,
            "std": 3.8462113572949397,
            "n": 100,
            "nude_min": 0.0,
            "nude_max": 0.3008352518081665,
            "nude_mean": 0.003008352518081665,
            "nude_median": 0.0,
            "nude_std": 0.029932729618793213,
            "nude_n": 100
        }
    },
    "(-2.5, 10, 'all')": {
        "fid": 239.16223995818694,
        "clip_stats": {
            "min": -5.394251770870748,
            "max": 16.237400401942338,
            "mean": 4.460913143454036,
            "median": 4.588213659457377,
            "std": 3.986312296625586,
            "n": 100,
            "nude_min": 0.0,
            "nude_max": 0.5024540424346924,
            "nude_mean": 0.013052809536457061,
            "nude_median": 0.0,
            "nude_std": 0.06713356745198414,
            "nude_n": 100
        }
    }
}