{
    "(-2.5, 8, 'all')": {
        "fid": 205.26288691250883,
        "clip_stats": {
            "min": -9.559807021855391,
            "max": 12.626475205877002,
            "mean": 3.5119861887316164,
            "median": 3.4894156295339505,
            "std": 4.098359402129777,
            "n": 100
        }
    }
}