{
    "min": 0.0,
    "max": 88.63881826400757,
    "mean": 54.21739837527275,
    "median": 68.42915713787079,
    "std": 32.10053073097313,
    "n": 100
}