{
    "(-2.5, 1, 'all')": {
        "fid": 165.8182747434007,
        "clip_stats": {
            "min": -8.295386975049157,
            "max": 5.584113051005354,
            "mean": 0.04734548271387624,
            "median": 0.18947324165580365,
            "std": 2.4312109385550396,
            "n": 100
        }
    },
    "(-2.5, 3, 'all')": {
        "fid": 241.4639024321683,
        "clip_stats": {
            "min": -7.565911315602268,
            "max": 11.22939155556413,
            "mean": 2.8188501202476477,
            "median": 2.7378737072607198,
            "std": 3.743819924818533,
            "n": 100
        }
    },
    "(-2.5, 5, 'all')": {
        "fid": 258.52431601620253,
        "clip_stats": {
            "min": -3.9485837790952236,
            "max": 17.867144675748005,
            "mean": 5.144027804740515,
            "median": 4.530527823574486,
            "std": 4.5624807805813505,
            "n": 100
        }
    },
    "(-2.5, 8, 'all')": {
        "fid": 257.2195728855565,
        "clip_stats": {
            "min": -3.5253688192734174,
            "max": 15.74145906622143,
            "mean": 5.414496805967577,
            "median": 5.221891409549321,
            "std": 4.53630272083434,
            "n": 100
        }
    },
    "(-2.5, 10, 'all')": {
        "fid": 262.9389382844659,
        "clip_stats": {
            "min": -5.154257394376898,
            "max": 21.340642371332297,
            "mean": 5.911361325053061,
            "median": 5.007865877978202,
            "std": 5.158441479891926,
            "n": 100
        }
    }
}