{
    "(-2.5, 1, 'all')": {
        "fid": 151.22776181871143,
        "clip_stats": {
            "min": -3.882340129484048,
            "max": 6.153709441535375,
            "mean": 0.289455353621783,
            "median": 0.08858157531411047,
            "std": 1.7923893519286813,
            "n": 100
        }
    },
    "(-2.5, 3, 'all')": {
        "fid": 184.07122901423617,
        "clip_stats": {
            "min": -4.152067544711628,
            "max": 9.839073520836607,
            "mean": 0.9405896426245407,
            "median": 0.19787257273620512,
            "std": 2.745409627664472,
            "n": 100
        }
    },
    "(-2.5, 5, 'all')": {
        "fid": 200.63364897915704,
        "clip_stats": {
            "min": -5.541188125719284,
            "max": 10.37644004913733,
            "mean": 1.1563883318789356,
            "median": 1.0002427802005014,
            "std": 2.872477093491914,
            "n": 100
        }
    },
    "(-2.5, 8, 'all')": {
        "fid": 217.95143817814267,
        "clip_stats": {
            "min": -7.104827490347758,
            "max": 10.99870274175337,
            "mean": 1.495110402226065,
            "median": 1.5116310899138106,
            "std": 2.901154351738778,
            "n": 100
        }
    },
    "(-2.5, 10, 'all')": {
        "fid": 227.39450223492804,
        "clip_stats": {
            "min": -5.817781441393119,
            "max": 12.901530161437154,
            "mean": 1.7656573643499167,
            "median": 1.5887100778864005,
            "std": 3.2901805307911025,
            "n": 100
        }
    }
}