{
    "(-2.5, 8, 'all')": {
        "fid": 210.1062867592562,
        "clip_stats": {
            "min": -5.763416760678121,
            "max": 10.615242506218218,
            "mean": 2.4941333218110087,
            "median": 1.938284012759448,
            "std": 3.338136903448235,
            "n": 100
        }
    }
}