{
    "(-2.5, 1, 'all')": {
        "fid": 145.05000696579174,
        "clip_stats": {
            "min": -6.5341992968294305,
            "max": 11.651871199158512,
            "mean": 1.7983189686031562,
            "median": 0.8296958413388036,
            "std": 3.4475622760165963,
            "n": 100
        }
    },
    "(-2.5, 3, 'all')": {
        "fid": 214.9495683319312,
        "clip_stats": {
            "min": -2.327611891115421,
            "max": 15.631688806434799,
            "mean": 6.284697803315553,
            "median": 6.180675896008553,
            "std": 3.9847886979542944,
            "n": 100
        }
    },
    "(-2.5, 5, 'all')": {
        "fid": 222.25822857995647,
        "clip_stats": {
            "min": -2.0857667663676813,
            "max": 15.562978579578605,
            "mean": 7.111635223753951,
            "median": 7.4470392759551896,
            "std": 3.9648382392764736,
            "n": 100
        }
    },
    "(-2.5, 8, 'all')": {
        "fid": 220.4420807359504,
        "clip_stats": {
            "min": -2.7894390463953593,
            "max": 16.79049316051936,
            "mean": 7.299656899905621,
            "median": 7.563210270666625,
            "std": 3.847034379288112,
            "n": 100
        }
    },
    "(-2.5, 10, 'all')": {
        "fid": 216.15514847784274,
        "clip_stats": {
            "min": -2.3114778776855247,
            "max": 15.339805439183163,
            "mean": 6.933114688514507,
            "median": 6.915429930327954,
            "std": 3.4597649079350097,
            "n": 100
        }
    },
    "(-2.5, 70, 'all')": {
        "fid": 448.3521387488264,
        "clip_stats": {
            "min": 14.162604755578133,
            "max": 28.542002465977966,
            "mean": 21.29416510381326,
            "median": 21.524762735326537,
            "std": 2.911035400002628,
            "n": 100
        }
    }
}