{
    "(-2.5, 8, 'all')": {
        "fid": 216.14372145874313,
        "clip_stats": {
            "min": -6.783045215660202,
            "max": 18.421958256239815,
            "mean": 6.659173404363896,
            "median": 6.918114691975351,
            "std": 4.505482251762111,
            "n": 100
        }
    }
}